ID,Name,Description,Organization,Organization Type,Address,City,Postcode,Region,Latitude,Longitude,Phone,Email,Categories,Keywords,Min Age,Max Age,Youth Specific,Indigenous Specific,Data Source
e54877ab-0f27-4280-baa3-96b0b76fcaf3,"ATSILS Youth Legal Service - Brisbane","Free culturally appropriate legal services for Aboriginal and Torres Strait Islander young people. Services include:
- Criminal law representation in Children's Court
- Bail applications and support
- Legal advice for police matters
- Child protection representation
- Victims of crime assistance
- Stolen Wages applications
- Family law matters
- Anti-discrimination matters

Culturally safe service with Aboriginal and Torres Strait Islander lawyers and support workers. Field officers provide support beyond legal representation.","Aboriginal and Torres Strait Islander Legal Service",non_profit,"37 Herschel Street",Brisbane,4000,brisbane,-27.47060000,153.02420000,"[{"type":"voice","number":"(18) 0001 2255"}]",,"["legal_aid","court_support","advocacy","cultural_support"]","["aboriginal","torres strait islander","indigenous","legal","court","cultural","youth"]",10,25,false,true,aboriginal_torres_strait
56089fea-e9dc-4215-bd09-a3e2f01b4021,"ATSILS Youth Legal Service - Cairns","Culturally appropriate legal support for Aboriginal and Torres Strait Islander youth in Far North Queensland. Services include court representation, bail support, and connection to cultural programs.","Aboriginal and Torres Strait Islander Legal Service",non_profit,"104 Grafton Street",Cairns,4870,cairns,-16.92280000,145.77470000,"[{"type":"voice","number":"(18) 0001 2255"}]",,"["legal_aid","court_support","cultural_support"]","["aboriginal","torres strait islander","legal","cairns","youth"]",10,25,false,true,aboriginal_torres_strait
abc22ff8-8e88-4903-a2a4-8103255b3b55,"ATSILS Youth Legal Service - Townsville","Free legal services for Aboriginal and Torres Strait Islander young people in North Queensland. Includes criminal law, child protection, and cultural support services.","Aboriginal and Torres Strait Islander Legal Service",non_profit,"137 Flinders Street",Townsville,4810,townsville,-19.25900000,146.81810000,"[{"type":"voice","number":"(18) 0001 2255"}]",,"["legal_aid","court_support","cultural_support"]","["aboriginal","torres strait islander","legal","townsville","youth"]",10,25,false,true,aboriginal_torres_strait
56cb151f-e3b7-4486-84d3-42b231bd492b,"Aboriginal & Torres Strait Islander Youth Health Service","Holistic health and wellbeing services for Aboriginal and Torres Strait Islander young people. Services include:
- Youth health checks and immunizations
- Mental health and social emotional wellbeing support
- Sexual health education and services
- Drug and alcohol programs
- Nutrition and healthy lifestyle programs
- Cultural activities and camps
- Deadly Choices program
- School-based health promotion

Bulk billing available. No referral needed. Transport assistance available.","Aboriginal and Torres Strait Islander Community Health Service Brisbane",health,"55 Annerley Road",Woolloongabba,4102,brisbane,-27.49740000,153.03450000,"[{"type":"voice","number":"(07) 3240 8900"}]",,"["mental_health","substance_abuse","health","cultural_support"]","["aboriginal","torres strait islander","health","youth","mental health","cultural"]",12,25,true,true,aboriginal_torres_strait
daf88bf5-1882-48b4-a83b-065566358fe6,"Murri Youth Diversion Program - Logan","Culturally appropriate diversion program for Aboriginal and Torres Strait Islander young people. Services include:
- Pre and post court support
- Cultural mentoring and activities
- Connection to Elders
- Bush camps and cultural healing
- Education and employment pathways
- Family support and mediation
- Substance abuse counselling
- Life skills development

Program aims to reduce reoffending through cultural connection and intensive support.","Murri Youth Services",non_profit,"381 Kingston Road",Slacks Creek,4127,brisbane,-27.64970000,153.13460000,"[{"type":"voice","number":"(07) 3826 1500"}]",,"["diversion","cultural_support","case_management","mentoring"]","["murri","aboriginal","diversion","cultural","youth","logan"]",10,17,true,true,aboriginal_torres_strait
d70aa911-69e6-4aa8-bf8b-6f897b08e1f8,"Murri Youth Homelessness Service","Specialist homelessness support for Aboriginal and Torres Strait Islander young people aged 12-21. Services include:
- Emergency accommodation
- Transitional housing support
- Case management
- Cultural activities and connection
- Education and training support
- Health and wellbeing programs
- Family reconciliation
- Independent living skills

Culturally safe service with Aboriginal workers and regular Elder involvement.","Murri Youth Services",non_profit,"655 Kingston Road",Loganlea,4131,brisbane,-27.67500000,153.13890000,"[{"type":"voice","number":"(07) 3826 1500"}]",,"["housing","case_management","cultural_support"]","["murri","aboriginal","homeless","housing","youth","accommodation"]",12,21,true,true,aboriginal_torres_strait
7406450e-33d0-4fdc-9bbd-bd625e3d35f3,"Strong Young Mums Program","Support program for young Aboriginal and Torres Strait Islander mothers aged 14-25. Services include:
- Antenatal and postnatal care
- Parenting support and education
- Baby health checks
- Breastfeeding support
- Cultural activities for mums and bubs
- Playgroups and social support
- Connection to childcare and education
- Housing and Centrelink assistance

Home visits available. Partner and family involvement encouraged.","Aboriginal and Torres Strait Islander Community Health Service Brisbane",health,"55 Annerley Road",Woolloongabba,4102,brisbane,-27.49740000,153.03450000,"[{"type":"voice","number":"(07) 3240 8900"}]",,"["family_support","health","cultural_support"]","["aboriginal","torres strait islander","young mothers","parenting","health"]",14,25,true,true,aboriginal_torres_strait
f0bab27c-ae4b-448b-b4fa-403938604987,"1800RESPECT - Youth Sexual Assault and Family Violence Support","24/7 national sexual assault, domestic and family violence counselling service with specialist youth support. Services include:
- Crisis counselling for sexual assault
- Domestic and family violence support
- Safety planning for young people
- Support for young people who have experienced abuse
- Information about consent and healthy relationships
- Referrals to local youth services
- Support for friends and family
- Interpreter service available

Free, confidential service available 24/7. Trained counsellors understand issues facing young people. Online chat available.","1800RESPECT",government,"National Phone Service",Queensland,4000,statewide,-27.46980000,153.02510000,"[{"type":"voice","number":"(18) 0073 7732"}]",,"["crisis_support","family_support","mental_health"]","["sexual assault","family violence","domestic violence","crisis","abuse","counselling"]",12,25,false,false,crisis_support
5723f200-1816-417e-bfed-105b06d29c67,"Brisbane Youth Service - Crisis Accommodation","Emergency and crisis accommodation for young people aged 12-25 who are homeless or at risk. Services include:
- 24/7 crisis accommodation
- Emergency beds (up to 3 nights)
- Medium-term accommodation (up to 3 months)
- Meals and basic necessities
- Case management and support planning
- Health services on-site
- Education and employment support
- Life skills programs
- Referrals to permanent housing

Drop-in centre open 7 days. No referral needed. Priority given to young people escaping violence or with nowhere safe to sleep.","Brisbane Youth Service",non_profit,"42 McLachlan Street",Fortitude Valley,4006,brisbane,-27.45630000,153.03380000,"[{"type":"voice","number":"(07) 3620 2400"}]",,"["housing","crisis_support","case_management"]","["homeless","crisis","accommodation","emergency","housing","shelter"]",12,25,true,false,crisis_support
c381a9d3-eccf-4d51-b973-282a98e92eaa,"Brisbane Youth Service - Mobile Support Team","Outreach service finding and supporting young people experiencing homelessness. Services include:
- Street outreach in Brisbane CBD and surrounds
- Mobile support across greater Brisbane
- Emergency relief (food, clothing, hygiene packs)
- Transport to safe accommodation
- Connection to health services
- Advocacy and crisis intervention
- Flexible support based on young person's needs
- After-hours response for crisis situations

Team operates 7 days a week including evenings. Can be contacted through BYS main number.","Brisbane Youth Service",non_profit,"Mobile Service",Brisbane,4000,brisbane,-27.46980000,153.02510000,"[{"type":"voice","number":"(07) 3620 2400"}]",,"["crisis_support","housing","outreach"]","["outreach","mobile","homeless","street","crisis","emergency"]",12,25,true,false,crisis_support
412286ef-47a3-4c53-b775-466eb2a78552,"Kids Helpline - 24/7 Phone and Online Counselling","Free, confidential 24/7 phone and online counselling service for young people aged 5-25. Services include:
- Crisis support and suicide prevention
- Mental health and emotional wellbeing support
- Family and relationship issues
- Bullying and cyberbullying support
- School and study stress
- Alcohol and drug concerns
- Sexual health and identity
- Self-harm and eating disorders
- Abuse and violence support

Professional counsellors available 24/7 by phone (1800 55 1800), WebChat, or email. No issue too big or small.","Kids Helpline",non_profit,"Online and Phone Service",Queensland,4000,statewide,-27.46980000,153.02510000,"[{"type":"voice","number":"(18) 0055 1800"}]",,"["mental_health","crisis_support","family_support"]","["crisis","counselling","helpline","mental health","suicide","emergency","24/7"]",5,25,true,false,crisis_support
79a2218e-225c-4a1c-9e1f-3176248fb071,"Kids Helpline @ School Program","Free counselling sessions delivered in Queensland schools. Services include:
- Individual counselling sessions at school
- Group sessions on mental health topics
- Crisis response for schools
- Support for students affected by critical incidents
- Referrals to other services
- Follow-up support

Available to primary and secondary schools across Queensland. Schools can request this service for students who need extra support.","Kids Helpline",non_profit,"Available in Schools",Queensland,4000,statewide,-27.46980000,153.02510000,"[{"type":"voice","number":"(18) 0055 1800"}]",,"["mental_health","education_training"]","["school","counselling","mental health","students"]",5,18,true,false,crisis_support
5765731d-b295-4c44-8dcd-e66597512400,"Yarning Circle - Aboriginal and Torres Strait Islander Support Line","Culturally appropriate crisis support through 1800RESPECT for Aboriginal and Torres Strait Islander people affected by family violence and sexual assault. Services include:
- Yarning with Aboriginal and Torres Strait Islander counsellors
- Cultural safety and understanding
- Support in language where available
- Connection to local Aboriginal services
- Support for stolen generations survivors
- Family violence and sexual assault counselling
- Safety planning with cultural considerations

Available 24/7 through 1800RESPECT. Ask to speak with an Aboriginal or Torres Strait Islander counsellor.","1800RESPECT",government,"National Phone Service",Queensland,4000,statewide,-27.46980000,153.02510000,"[{"type":"voice","number":"(18) 0073 7732"}]",,"["crisis_support","cultural_support","family_support"]","["aboriginal","torres strait islander","yarning","crisis","family violence","cultural"]",12,99,false,true,crisis_support
000a0eef-bec2-4594-b4b8-caf95cbae372,"Brisbane Youth Justice Service Centre","Youth Justice Service Centre providing comprehensive support for young people aged 10-17 in the youth justice system. Services include:
- Bail support and supervision
- Court-ordered supervision
- Restorative justice conferencing  
- Connection to education and training
- Family and parenting programs
- Cultural support for Aboriginal and Torres Strait Islander young people
- Referrals to specialist services","Department of Youth Justice",government,"1 William Street",Brisbane,4000,brisbane,-27.46780000,153.02810000,"[{"type":"voice","number":"(07) 3097 1600"}]",brisbane.yj@justice.qld.gov.au,"["supervision","court_support","diversion","family_support","cultural_support"]","["youth justice","bail","supervision","court","restorative justice","conferencing"]",10,17,true,false,demo
2a2e0ce6-9095-45cf-8283-a316f3579714,"Brisbane Youth Justice Service Centre","Youth Justice Service Centre providing comprehensive support for young people aged 10-17 in the youth justice system. Services include:
- Bail support and supervision
- Court-ordered supervision
- Restorative justice conferencing  
- Connection to education and training
- Family and parenting programs
- Cultural support for Aboriginal and Torres Strait Islander young people
- Referrals to specialist services","Department of Youth Justice",government,"1 William Street",Brisbane,4000,brisbane,-27.46780000,153.02810000,"[{"type":"voice","number":"(07) 3097 1600"}]",,"["supervision","court_support","diversion","family_support","cultural_support"]","["youth justice","bail","supervision","court","restorative justice","conferencing"]",10,17,true,false,demo
c5ba1a0c-e5a3-444e-950a-e89f6d983a1f,"Gold Coast Youth Justice Service Centre","Youth Justice Service Centre providing comprehensive support for young people aged 10-17 in the youth justice system. Services include:
- Bail support and supervision
- Court-ordered supervision
- Restorative justice conferencing  
- Connection to education and training
- Family and parenting programs
- Cultural support for Aboriginal and Torres Strait Islander young people
- Referrals to specialist services","Department of Youth Justice",government,"Level 3, 50 Cavill Avenue",Surfers Paradise,4217,gold_coast,-28.01670000,153.40000000,"[{"type":"voice","number":"(07) 5665 5900"}]",,"["supervision","court_support","diversion","family_support","cultural_support"]","["youth justice","bail","supervision","court","restorative justice","conferencing"]",10,17,true,false,demo
40c2925f-9cc9-4bbd-b3c8-f69f993d939f,"Legal Aid Queensland - Townsville","Legal representation for young people in criminal matters, with specialist youth lawyers available for serious charges and Children's Court matters.","Legal Aid Queensland",government,"123 Example Street",Townsville,4000,townsville,-19.25890000,146.81690000,"[{"type":"voice","number":"1300 651 188"}]",,"["legal_aid","court_support"]","["legal_aid","court_support"]",10,17,true,false,demo
416a4419-b8b4-4133-b681-fa084ae00071,"Townsville Youth Justice Service Centre","Youth Justice Service Centre providing comprehensive support for young people aged 10-17 in the youth justice system. Services include:
- Bail support and supervision
- Court-ordered supervision
- Restorative justice conferencing  
- Connection to education and training
- Family and parenting programs
- Cultural support for Aboriginal and Torres Strait Islander young people
- Referrals to specialist services","Department of Youth Justice",government,"187 Stanley Street",Townsville,4810,townsville,-19.25760000,146.81780000,"[{"type":"voice","number":"(07) 4760 7600"}]",,"["supervision","court_support","diversion","family_support","cultural_support"]","["youth justice","bail","supervision","court","restorative justice","conferencing"]",10,17,true,true,demo
5de3b602-779c-4298-a25b-a3bdcab395c8,"Youth Advocacy Centre","Free advocacy and support for young people in contact with youth justice, child protection, education, and housing systems. Provides individual advocacy and systemic reform.","Youth Advocacy Centre",non_profit,"123 Example Street",Brisbane,4000,brisbane,-27.45610000,153.03520000,"[{"type":"voice","number":"(07) 3356 1002"}]",admin@yac.net.au,"["advocacy","legal_aid","housing","education_training"]","["advocacy","legal_aid","housing","education_training"]",10,25,true,false,demo
dee945f6-a476-410f-8514-4432ef816d74,"Youth Legal Service - Brisbane","Free legal advice and representation for young people under 18. Specializes in criminal law, child protection matters, and education law. Available for court representation and police interviews.","Legal Aid Queensland",government,"123 Example Street",Brisbane,4000,brisbane,-27.47050000,153.02600000,"[{"type":"voice","number":"1300 651 188"}]",youthlegal@legalaid.qld.gov.au,"["legal_aid","advocacy","court_support"]","["legal_aid","advocacy","court_support"]",10,17,true,false,demo
8b32f943-dd6e-4037-b726-25d03b8f5e63,"headspace Brisbane","Free mental health and wellbeing support for young people aged 12-25. Services include:
- Mental health support and counselling
- Physical and sexual health advice
- Alcohol and other drug services  
- Work, school and study support
- General health services
- Online and phone support available
- No referral needed - young people can self-refer
- Bulk billing available for most services","headspace National Youth Mental Health Foundation",non_profit,"Level 2",139 Melbourne Street,4101,brisbane,-27.47810000,153.01700000,"[{"type":"voice","number":"(07) 3114 4200"}]",headspace.brisbane@health.qld.gov.au,"["mental_health","substance_abuse","education_training"]","["mental health","counselling","psychology","youth","wellbeing","drug","alcohol","education","employment"]",12,25,true,false,demo
dd3872a2-a186-4311-8e4f-f6194bce36e6,"headspace Cairns","Free mental health and wellbeing support for young people aged 12-25. Services include:
- Mental health support and counselling
- Physical and sexual health advice
- Alcohol and other drug services  
- Work, school and study support
- General health services
- Online and phone support available
- No referral needed - young people can self-refer
- Bulk billing available for most services","headspace National Youth Mental Health Foundation",non_profit,"176 Grafton Street",Cairns QLD 4870,4870,cairns,-16.92350000,145.77030000,"[{"type":"voice","number":"(07) 4041 6850"}]",,"["mental_health","substance_abuse","education_training"]","["mental health","counselling","psychology","youth","wellbeing","drug","alcohol","education","employment"]",12,25,true,false,demo
71a6bb9d-f562-4a55-9594-5ade1c9fc013,"headspace Bundaberg","Free mental health and wellbeing support for young people aged 12-25. Services include:
- Mental health support and counselling
- Physical and sexual health advice
- Alcohol and other drug services  
- Work, school and study support
- General health services
- Online and phone support available
- No referral needed - young people can self-refer
- Bulk billing available for most services","headspace National Youth Mental Health Foundation",non_profit,"6 Barolin Street",Bundaberg QLD 4670,4670,bundaberg,-24.86560000,152.35080000,"[{"type":"voice","number":"(07) 4151 1129"}]",,"["mental_health","substance_abuse","education_training"]","["mental health","counselling","psychology","youth","wellbeing","drug","alcohol","education","employment"]",12,25,true,false,headspace
47f3493c-0ade-42b7-9054-740d33a4bcc4,"headspace Caboolture","Free mental health and wellbeing support for young people aged 12-25. Services include:
- Mental health support and counselling
- Physical and sexual health advice
- Alcohol and other drug services  
- Work, school and study support
- General health services
- Online and phone support available
- No referral needed - young people can self-refer
- Bulk billing available for most services","headspace National Youth Mental Health Foundation",non_profit,"32 King Street",Caboolture QLD 4510,4510,brisbane,-27.08340000,152.95170000,"[{"type":"voice","number":"(07) 5294 5480"}]",,"["mental_health","substance_abuse","education_training"]","["mental health","counselling","psychology","youth","wellbeing","drug","alcohol","education","employment"]",12,25,true,false,headspace
73ab1521-913d-48e8-869f-0969b75ae080,"headspace Fraser Coast","Free mental health and wellbeing support for young people aged 12-25. Services include:
- Mental health support and counselling
- Physical and sexual health advice
- Alcohol and other drug services  
- Work, school and study support
- General health services
- Online and phone support available
- No referral needed - young people can self-refer
- Bulk billing available for most services","headspace National Youth Mental Health Foundation",non_profit,"422 Kent Street",Maryborough QLD 4650,4650,hervey_bay,-25.53780000,152.70190000,"[{"type":"voice","number":"(07) 4122 0820"}]",,"["mental_health","substance_abuse","education_training"]","["mental health","counselling","psychology","youth","wellbeing","drug","alcohol","education","employment"]",12,25,true,false,headspace
3eca9f64-9a48-48ef-a109-6089b400142c,"headspace Gladstone","Free mental health and wellbeing support for young people aged 12-25. Services include:
- Mental health support and counselling
- Physical and sexual health advice
- Alcohol and other drug services  
- Work, school and study support
- General health services
- Online and phone support available
- No referral needed - young people can self-refer
- Bulk billing available for most services","headspace National Youth Mental Health Foundation",non_profit,"147 Goondoon Street",Gladstone QLD 4680,4680,gladstone,-23.84290000,151.25710000,"[{"type":"voice","number":"(07) 4976 2466"}]",,"["mental_health","substance_abuse","education_training"]","["mental health","counselling","psychology","youth","wellbeing","drug","alcohol","education","employment"]",12,25,true,false,headspace
d52c3019-e32d-41cd-adea-8e7be2540255,"headspace Gold Coast","Free mental health and wellbeing support for young people aged 12-25. Services include:
- Mental health support and counselling
- Physical and sexual health advice
- Alcohol and other drug services  
- Work, school and study support
- General health services
- Online and phone support available
- No referral needed - young people can self-refer
- Bulk billing available for most services","headspace National Youth Mental Health Foundation",non_profit,"Level 1",1 Bay Street,4215,gold_coast,-27.97160000,153.41460000,"[{"type":"voice","number":"(07) 5509 0900"}]",,"["mental_health","substance_abuse","education_training"]","["mental health","counselling","psychology","youth","wellbeing","drug","alcohol","education","employment"]",12,25,true,false,headspace
e9489b4b-2f2e-4a4e-bc61-371b70a6edaa,"headspace Ipswich","Free mental health and wellbeing support for young people aged 12-25. Services include:
- Mental health support and counselling
- Physical and sexual health advice
- Alcohol and other drug services  
- Work, school and study support
- General health services
- Online and phone support available
- No referral needed - young people can self-refer
- Bulk billing available for most services","headspace National Youth Mental Health Foundation",non_profit,"15 Gordon Street",Ipswich QLD 4305,4305,brisbane,-27.61390000,152.75940000,"[{"type":"voice","number":"(07) 3280 7900"}]",,"["mental_health","substance_abuse","education_training"]","["mental health","counselling","psychology","youth","wellbeing","drug","alcohol","education","employment"]",12,25,true,false,headspace
0c59f0a0-a88d-46f1-8e5e-aa2b7ea73635,"headspace Logan","Free mental health and wellbeing support for young people aged 12-25. Services include:
- Mental health support and counselling
- Physical and sexual health advice
- Alcohol and other drug services  
- Work, school and study support
- General health services
- Online and phone support available
- No referral needed - young people can self-refer
- Bulk billing available for most services","headspace National Youth Mental Health Foundation",non_profit,"10-16 Civic Parade",Logan Central QLD 4114,4114,brisbane,-27.63930000,153.10990000,"[{"type":"voice","number":"(07) 3387 1200"}]",,"["mental_health","substance_abuse","education_training"]","["mental health","counselling","psychology","youth","wellbeing","drug","alcohol","education","employment"]",12,25,true,false,headspace
cbaf3622-a641-4990-855a-485c81009547,"headspace Mackay","Free mental health and wellbeing support for young people aged 12-25. Services include:
- Mental health support and counselling
- Physical and sexual health advice
- Alcohol and other drug services  
- Work, school and study support
- General health services
- Online and phone support available
- No referral needed - young people can self-refer
- Bulk billing available for most services","headspace National Youth Mental Health Foundation",non_profit,"Level 1",60 Wood Street,4740,mackay,-21.14250000,149.18470000,"[{"type":"voice","number":"(07) 4842 1600"}]",,"["mental_health","substance_abuse","education_training"]","["mental health","counselling","psychology","youth","wellbeing","drug","alcohol","education","employment"]",12,25,true,false,headspace
04617f25-2712-4a6a-b551-3deff7a75671,"headspace Mount Isa","Free mental health and wellbeing support for young people aged 12-25. Services include:
- Mental health support and counselling
- Physical and sexual health advice
- Alcohol and other drug services  
- Work, school and study support
- General health services
- Online and phone support available
- No referral needed - young people can self-refer
- Bulk billing available for most services","headspace National Youth Mental Health Foundation",non_profit,"17-19 Isa Street",Mount Isa QLD 4825,4825,mount_isa,-20.72600000,139.49490000,"[{"type":"voice","number":"(07) 4743 2746"}]",,"["mental_health","substance_abuse","education_training"]","["mental health","counselling","psychology","youth","wellbeing","drug","alcohol","education","employment"]",12,25,true,false,headspace
7bb75d21-960b-4831-a64e-093fab94462b,"headspace Rockhampton","Free mental health and wellbeing support for young people aged 12-25. Services include:
- Mental health support and counselling
- Physical and sexual health advice
- Alcohol and other drug services  
- Work, school and study support
- General health services
- Online and phone support available
- No referral needed - young people can self-refer
- Bulk billing available for most services","headspace National Youth Mental Health Foundation",non_profit,"134 Alma Street",Rockhampton QLD 4700,4700,rockhampton,-23.37820000,150.50940000,"[{"type":"voice","number":"(07) 4921 5335"}]",,"["mental_health","substance_abuse","education_training"]","["mental health","counselling","psychology","youth","wellbeing","drug","alcohol","education","employment"]",12,25,true,false,headspace
615734c5-c42b-4112-8079-08de879a69d7,"headspace Sunshine Coast","Free mental health and wellbeing support for young people aged 12-25. Services include:
- Mental health support and counselling
- Physical and sexual health advice
- Alcohol and other drug services  
- Work, school and study support
- General health services
- Online and phone support available
- No referral needed - young people can self-refer
- Bulk billing available for most services","headspace National Youth Mental Health Foundation",non_profit,"37 First Avenue",Maroochydore QLD 4558,4558,sunshine_coast,-26.65460000,153.09050000,"[{"type":"voice","number":"(07) 5479 3958"}]",,"["mental_health","substance_abuse","education_training"]","["mental health","counselling","psychology","youth","wellbeing","drug","alcohol","education","employment"]",12,25,true,false,headspace
e15ebb44-9cb0-47f4-a4c1-6ceeb3927351,"headspace Toowoomba","Free mental health and wellbeing support for young people aged 12-25. Services include:
- Mental health support and counselling
- Physical and sexual health advice
- Alcohol and other drug services  
- Work, school and study support
- General health services
- Online and phone support available
- No referral needed - young people can self-refer
- Bulk billing available for most services","headspace National Youth Mental Health Foundation",non_profit,"484 Ruthven Street",Toowoomba QLD 4350,4350,toowoomba,-27.55670000,151.95370000,"[{"type":"voice","number":"(07) 4639 9000"}]",,"["mental_health","substance_abuse","education_training"]","["mental health","counselling","psychology","youth","wellbeing","drug","alcohol","education","employment"]",12,25,true,false,headspace
f5273448-5fc9-4e03-88ff-e79fe1759f20,"headspace Townsville","Free mental health and wellbeing support for young people aged 12-25. Services include:
- Mental health support and counselling
- Physical and sexual health advice
- Alcohol and other drug services  
- Work, school and study support
- General health services
- Online and phone support available
- No referral needed - young people can self-refer
- Bulk billing available for most services","headspace National Youth Mental Health Foundation",non_profit,"143 Walker Street",Townsville QLD 4810,4810,townsville,-19.26270000,146.81620000,"[{"type":"voice","number":"(07) 4799 5000"}]",,"["mental_health","substance_abuse","education_training"]","["mental health","counselling","psychology","youth","wellbeing","drug","alcohol","education","employment"]",12,25,true,false,headspace
4523601d-3bc5-4fc7-8e44-ad67a225eb95,"Legal Aid Queensland - Brisbane - Youth Legal Service","Free legal help for young people under 18 at the Brisbane office. Services include:
- Criminal law advice and representation
- Children's Court appearances  
- Police interview assistance
- Bail applications
- Child protection matters
- School suspensions and exclusions
- Fines and debt issues

Specialist youth lawyers available. No appointment needed for urgent matters. Phone advice available on 1300 651 188.","Legal Aid Queensland",government,"44 Herschel Street",Brisbane QLD 4000,4000,brisbane,-27.46980000,153.02510000,"[{"type":"voice","number":"(13) 0065 1188"}]",,"["legal_aid","court_support","advocacy"]","["legal aid","lawyer","court","criminal","youth","children's court","free legal help"]",10,17,true,false,legal_aid_qld
28f288e2-7ec1-427e-89c1-25481a68b266,"Legal Aid Queensland - Bundaberg - Youth Legal Service","Free legal help for young people under 18 at the Bundaberg office. Services include:
- Criminal law advice and representation
- Children's Court appearances  
- Police interview assistance
- Bail applications
- Child protection matters
- School suspensions and exclusions
- Fines and debt issues

Specialist youth lawyers available. No appointment needed for urgent matters. Phone advice available on 1300 651 188.","Legal Aid Queensland",government,"3rd Floor",WIN Tower,4670,bundaberg,-24.86690000,152.35220000,"[{"type":"voice","number":"(13) 0065 1188"}]",,"["legal_aid","court_support","advocacy"]","["legal aid","lawyer","court","criminal","youth","children's court","free legal help"]",10,17,true,false,legal_aid_qld
a6d89e3c-b2a8-4874-8675-f416bc002c34,"Legal Aid Queensland - Caboolture - Youth Legal Service","Free legal help for young people under 18 at the Caboolture office. Services include:
- Criminal law advice and representation
- Children's Court appearances  
- Police interview assistance
- Bail applications
- Child protection matters
- School suspensions and exclusions
- Fines and debt issues

Specialist youth lawyers available. No appointment needed for urgent matters. Phone advice available on 1300 651 188.","Legal Aid Queensland",government,"79 King Street",Caboolture QLD 4510,4510,brisbane,-27.08490000,152.95190000,"[{"type":"voice","number":"(13) 0065 1188"}]",,"["legal_aid","court_support","advocacy"]","["legal aid","lawyer","court","criminal","youth","children's court","free legal help"]",10,17,true,false,legal_aid_qld
8c1f1065-0b86-453b-b04e-c4558d3704c0,"Legal Aid Queensland - Cairns - Youth Legal Service","Free legal help for young people under 18 at the Cairns office. Services include:
- Criminal law advice and representation
- Children's Court appearances  
- Police interview assistance
- Bail applications
- Child protection matters
- School suspensions and exclusions
- Fines and debt issues

Specialist youth lawyers available. No appointment needed for urgent matters. Phone advice available on 1300 651 188.","Legal Aid Queensland",government,"104 Grafton Street",Cairns QLD 4870,4870,cairns,-16.92280000,145.77470000,"[{"type":"voice","number":"(13) 0065 1188"}]",,"["legal_aid","court_support","advocacy"]","["legal aid","lawyer","court","criminal","youth","children's court","free legal help"]",10,17,true,false,legal_aid_qld
b776e8b8-1ced-4398-a51e-c7a83b78af63,"Legal Aid Queensland - Gold Coast - Youth Legal Service","Free legal help for young people under 18 at the Gold Coast office. Services include:
- Criminal law advice and representation
- Children's Court appearances  
- Police interview assistance
- Bail applications
- Child protection matters
- School suspensions and exclusions
- Fines and debt issues

Specialist youth lawyers available. No appointment needed for urgent matters. Phone advice available on 1300 651 188.","Legal Aid Queensland",government,"Level 3",25 Elkhorn Avenue,4217,gold_coast,-28.00340000,153.43020000,"[{"type":"voice","number":"(13) 0065 1188"}]",,"["legal_aid","court_support","advocacy"]","["legal aid","lawyer","court","criminal","youth","children's court","free legal help"]",10,17,true,false,legal_aid_qld
e2591fa8-856c-49be-9444-4aa26911ba57,"Legal Aid Queensland - Inala - Youth Legal Service","Free legal help for young people under 18 at the Inala office. Services include:
- Criminal law advice and representation
- Children's Court appearances  
- Police interview assistance
- Bail applications
- Child protection matters
- School suspensions and exclusions
- Fines and debt issues

Specialist youth lawyers available. No appointment needed for urgent matters. Phone advice available on 1300 651 188.","Legal Aid Queensland",government,"20 Wirraway Parade",Inala QLD 4077,4077,brisbane,-27.59750000,152.97340000,"[{"type":"voice","number":"(13) 0065 1188"}]",,"["legal_aid","court_support","advocacy"]","["legal aid","lawyer","court","criminal","youth","children's court","free legal help"]",10,17,true,false,legal_aid_qld
ce285aed-e304-4cfd-b435-3046dfd7762d,"Legal Aid Queensland - Ipswich - Youth Legal Service","Free legal help for young people under 18 at the Ipswich office. Services include:
- Criminal law advice and representation
- Children's Court appearances  
- Police interview assistance
- Bail applications
- Child protection matters
- School suspensions and exclusions
- Fines and debt issues

Specialist youth lawyers available. No appointment needed for urgent matters. Phone advice available on 1300 651 188.","Legal Aid Queensland",government,"117 Brisbane Street",Ipswich QLD 4305,4305,brisbane,-27.61450000,152.75850000,"[{"type":"voice","number":"(13) 0065 1188"}]",,"["legal_aid","court_support","advocacy"]","["legal aid","lawyer","court","criminal","youth","children's court","free legal help"]",10,17,true,false,legal_aid_qld
6550b78c-4b4d-4467-b0df-abfdb3b9f508,"Legal Aid Queensland - Mackay - Youth Legal Service","Free legal help for young people under 18 at the Mackay office. Services include:
- Criminal law advice and representation
- Children's Court appearances  
- Police interview assistance
- Bail applications
- Child protection matters
- School suspensions and exclusions
- Fines and debt issues

Specialist youth lawyers available. No appointment needed for urgent matters. Phone advice available on 1300 651 188.","Legal Aid Queensland",government,"44 Nelson Street",Mackay QLD 4740,4740,mackay,-21.14300000,149.18600000,"[{"type":"voice","number":"(13) 0065 1188"}]",,"["legal_aid","court_support","advocacy"]","["legal aid","lawyer","court","criminal","youth","children's court","free legal help"]",10,17,true,false,legal_aid_qld
0c70e4d8-bfbd-469e-8986-dbfe95c7a520,"Legal Aid Queensland - Mount Isa - Youth Legal Service","Free legal help for young people under 18 at the Mount Isa office. Services include:
- Criminal law advice and representation
- Children's Court appearances  
- Police interview assistance
- Bail applications
- Child protection matters
- School suspensions and exclusions
- Fines and debt issues

Specialist youth lawyers available. No appointment needed for urgent matters. Phone advice available on 1300 651 188.","Legal Aid Queensland",government,"20 Miles Street",Mount Isa QLD 4825,4825,mount_isa,-20.72950000,139.49200000,"[{"type":"voice","number":"(13) 0065 1188"}]",,"["legal_aid","court_support","advocacy"]","["legal aid","lawyer","court","criminal","youth","children's court","free legal help"]",10,17,true,false,legal_aid_qld
a1ca7bf6-fe63-4930-9593-20cabacb6733,"Legal Aid Queensland - Rockhampton - Youth Legal Service","Free legal help for young people under 18 at the Rockhampton office. Services include:
- Criminal law advice and representation
- Children's Court appearances  
- Police interview assistance
- Bail applications
- Child protection matters
- School suspensions and exclusions
- Fines and debt issues

Specialist youth lawyers available. No appointment needed for urgent matters. Phone advice available on 1300 651 188.","Legal Aid Queensland",government,"209 Bolsover Street",Rockhampton QLD 4700,4700,rockhampton,-23.37650000,150.50950000,"[{"type":"voice","number":"(13) 0065 1188"}]",,"["legal_aid","court_support","advocacy"]","["legal aid","lawyer","court","criminal","youth","children's court","free legal help"]",10,17,true,false,legal_aid_qld
e182b0a3-5a6f-41cf-87ef-637fb4eb07b7,"Legal Aid Queensland - Sunshine Coast - Youth Legal Service","Free legal help for young people under 18 at the Sunshine Coast office. Services include:
- Criminal law advice and representation
- Children's Court appearances  
- Police interview assistance
- Bail applications
- Child protection matters
- School suspensions and exclusions
- Fines and debt issues

Specialist youth lawyers available. No appointment needed for urgent matters. Phone advice available on 1300 651 188.","Legal Aid Queensland",government,"Shop 14",20 Bunker Road,4558,sunshine_coast,-26.65230000,153.09050000,"[{"type":"voice","number":"(13) 0065 1188"}]",,"["legal_aid","court_support","advocacy"]","["legal aid","lawyer","court","criminal","youth","children's court","free legal help"]",10,17,true,false,legal_aid_qld
0d83d34e-ad46-4852-9c3e-44081a97204b,"Legal Aid Queensland - Toowoomba - Youth Legal Service","Free legal help for young people under 18 at the Toowoomba office. Services include:
- Criminal law advice and representation
- Children's Court appearances  
- Police interview assistance
- Bail applications
- Child protection matters
- School suspensions and exclusions
- Fines and debt issues

Specialist youth lawyers available. No appointment needed for urgent matters. Phone advice available on 1300 651 188.","Legal Aid Queensland",government,"1/46 Neil Street",Toowoomba QLD 4350,4350,toowoomba,-27.56230000,151.95070000,"[{"type":"voice","number":"(13) 0065 1188"}]",,"["legal_aid","court_support","advocacy"]","["legal aid","lawyer","court","criminal","youth","children's court","free legal help"]",10,17,true,false,legal_aid_qld
9b40bcaf-313f-49eb-9f29-b64075d57ebe,"Legal Aid Queensland - Townsville - Youth Legal Service","Free legal help for young people under 18 at the Townsville office. Services include:
- Criminal law advice and representation
- Children's Court appearances  
- Police interview assistance
- Bail applications
- Child protection matters
- School suspensions and exclusions
- Fines and debt issues

Specialist youth lawyers available. No appointment needed for urgent matters. Phone advice available on 1300 651 188.","Legal Aid Queensland",government,"Level 1",340 Ross River Road,4814,townsville,-19.29280000,146.75990000,"[{"type":"voice","number":"(13) 0065 1188"}]",,"["legal_aid","court_support","advocacy"]","["legal aid","lawyer","court","criminal","youth","children's court","free legal help"]",10,17,true,false,legal_aid_qld
11945b7e-9586-4bc0-aeec-74cf434c9df5,"Youth Legal Service - Legal Aid Queensland","Free specialist legal help for young people under 18 years. Services include:
- Criminal law representation in Children's Court
- Legal advice for police interviews
- Bail applications and variations
- Representation for serious charges
- Child protection matters
- Education law (suspensions and exclusions)  
- Fines and SPER debt
- Victims of crime assistance
- Family law issues affecting young people

The Youth Legal Service has specialist youth lawyers who understand the unique needs of young people in the justice system. Interpreters available. Confidential service.","Legal Aid Queensland",government,"",,,,,,,,"["legal_aid","court_support","advocacy"]","["legal aid","lawyer","court","criminal","youth justice","children's court","bail","free legal help"]",10,17,true,false,legal_aid_qld
d52ca158-3aaa-408b-83dc-30a0ae010faf,"PCYC Beenleigh","Police Citizens Youth Club providing safe activities and support programs for young people. Services include:
- Structured sport and recreation programs
- Youth development and leadership programs  
- School holiday activities
- Crime prevention programs
- Mentoring and life skills programs
- Aboriginal and Torres Strait Islander programs
- After school care and vacation care
- Gymnastics, martial arts, and fitness classes
- Safe driver education programs

PCYC provides a safe, supportive environment where young people can develop confidence, learn new skills, and build positive relationships with peers and police.","PCYC Queensland",non_profit,"2 James Street",Beenleigh QLD 4207,4207,brisbane,-27.71490000,153.20260000,"[{"type":"voice","number":"(07) 3807 4333"}]",,"["recreation","education_training","diversion"]","["sports","recreation","youth programs","police","activities","gymnastics","martial arts","leadership","mentoring"]",5,25,true,false,pcyc_qld
24164194-95f5-49d7-838f-8afb19cb42e0,"PCYC Brisbane City","Police Citizens Youth Club providing safe activities and support programs for young people. Services include:
- Structured sport and recreation programs
- Youth development and leadership programs  
- School holiday activities
- Crime prevention programs
- Mentoring and life skills programs
- Aboriginal and Torres Strait Islander programs
- After school care and vacation care
- Gymnastics, martial arts, and fitness classes
- Safe driver education programs

PCYC provides a safe, supportive environment where young people can develop confidence, learn new skills, and build positive relationships with peers and police.","PCYC Queensland",non_profit,"21 Kurilpa Street",West End QLD 4101,4101,brisbane,-27.47810000,153.00330000,"[{"type":"voice","number":"(07) 3844 0222"}]",,"["recreation","education_training","diversion"]","["sports","recreation","youth programs","police","activities","gymnastics","martial arts","leadership","mentoring"]",5,25,true,false,pcyc_qld
320e6c9e-0a65-485a-a902-7290de1f7d82,"PCYC Bundaberg","Police Citizens Youth Club providing safe activities and support programs for young people. Services include:
- Structured sport and recreation programs
- Youth development and leadership programs  
- School holiday activities
- Crime prevention programs
- Mentoring and life skills programs
- Aboriginal and Torres Strait Islander programs
- After school care and vacation care
- Gymnastics, martial arts, and fitness classes
- Safe driver education programs

PCYC provides a safe, supportive environment where young people can develop confidence, learn new skills, and build positive relationships with peers and police.","PCYC Queensland",non_profit,"30-32 Quay Street",Bundaberg QLD 4670,4670,bundaberg,-24.87040000,152.34840000,"[{"type":"voice","number":"(07) 4151 5294"}]",,"["recreation","education_training","diversion"]","["sports","recreation","youth programs","police","activities","gymnastics","martial arts","leadership","mentoring"]",5,25,true,false,pcyc_qld
5c051304-e9d4-4980-badd-a28d67db192d,"PCYC Cairns","Police Citizens Youth Club providing safe activities and support programs for young people. Services include:
- Structured sport and recreation programs
- Youth development and leadership programs  
- School holiday activities
- Crime prevention programs
- Mentoring and life skills programs
- Aboriginal and Torres Strait Islander programs
- After school care and vacation care
- Gymnastics, martial arts, and fitness classes
- Safe driver education programs

PCYC provides a safe, supportive environment where young people can develop confidence, learn new skills, and build positive relationships with peers and police.","PCYC Queensland",non_profit,"119 Sheridan Street",Cairns QLD 4870,4870,cairns,-16.92060000,145.77190000,"[{"type":"voice","number":"(07) 4051 4266"}]",,"["recreation","education_training","diversion"]","["sports","recreation","youth programs","police","activities","gymnastics","martial arts","leadership","mentoring"]",5,25,true,false,pcyc_qld
a9da6418-b3cc-42ee-9d09-fbf1e38b701a,"PCYC Gladstone","Police Citizens Youth Club providing safe activities and support programs for young people. Services include:
- Structured sport and recreation programs
- Youth development and leadership programs  
- School holiday activities
- Crime prevention programs
- Mentoring and life skills programs
- Aboriginal and Torres Strait Islander programs
- After school care and vacation care
- Gymnastics, martial arts, and fitness classes
- Safe driver education programs

PCYC provides a safe, supportive environment where young people can develop confidence, learn new skills, and build positive relationships with peers and police.","PCYC Queensland",non_profit,"1-7 Chapman Drive",Clinton QLD 4680,4680,gladstone,-23.87500000,151.26290000,"[{"type":"voice","number":"(07) 4972 2477"}]",,"["recreation","education_training","diversion"]","["sports","recreation","youth programs","police","activities","gymnastics","martial arts","leadership","mentoring"]",5,25,true,false,pcyc_qld
41a7c061-6f35-443e-b02f-f505ae6f0899,"PCYC Gold Coast","Police Citizens Youth Club providing safe activities and support programs for young people. Services include:
- Structured sport and recreation programs
- Youth development and leadership programs  
- School holiday activities
- Crime prevention programs
- Mentoring and life skills programs
- Aboriginal and Torres Strait Islander programs
- After school care and vacation care
- Gymnastics, martial arts, and fitness classes
- Safe driver education programs

PCYC provides a safe, supportive environment where young people can develop confidence, learn new skills, and build positive relationships with peers and police.","PCYC Queensland",non_profit,"2 Mudgeeraba Road",Mudgeeraba QLD 4213,4213,gold_coast,-28.07930000,153.36640000,"[{"type":"voice","number":"(07) 5530 5458"}]",,"["recreation","education_training","diversion"]","["sports","recreation","youth programs","police","activities","gymnastics","martial arts","leadership","mentoring"]",5,25,true,false,pcyc_qld
99b40d3f-d001-4074-b7ab-9be89475504b,"PCYC Ipswich","Police Citizens Youth Club providing safe activities and support programs for young people. Services include:
- Structured sport and recreation programs
- Youth development and leadership programs  
- School holiday activities
- Crime prevention programs
- Mentoring and life skills programs
- Aboriginal and Torres Strait Islander programs
- After school care and vacation care
- Gymnastics, martial arts, and fitness classes
- Safe driver education programs

PCYC provides a safe, supportive environment where young people can develop confidence, learn new skills, and build positive relationships with peers and police.","PCYC Queensland",non_profit,"39 Griffith Road",Yamanto QLD 4305,4305,brisbane,-27.65560000,152.74080000,"[{"type":"voice","number":"(07) 3281 3344"}]",,"["recreation","education_training","diversion"]","["sports","recreation","youth programs","police","activities","gymnastics","martial arts","leadership","mentoring"]",5,25,true,false,pcyc_qld
63bc19c8-6a2c-43a6-8e04-86943e034338,"PCYC Mackay","Police Citizens Youth Club providing safe activities and support programs for young people. Services include:
- Structured sport and recreation programs
- Youth development and leadership programs  
- School holiday activities
- Crime prevention programs
- Mentoring and life skills programs
- Aboriginal and Torres Strait Islander programs
- After school care and vacation care
- Gymnastics, martial arts, and fitness classes
- Safe driver education programs

PCYC provides a safe, supportive environment where young people can develop confidence, learn new skills, and build positive relationships with peers and police.","PCYC Queensland",non_profit,"92 Bridge Road",West Mackay QLD 4740,4740,mackay,-21.15530000,149.16700000,"[{"type":"voice","number":"(07) 4957 3891"}]",,"["recreation","education_training","diversion"]","["sports","recreation","youth programs","police","activities","gymnastics","martial arts","leadership","mentoring"]",5,25,true,false,pcyc_qld
42e9ff0d-7415-48ad-9d5b-1c545be6d913,"PCYC Mount Isa","Police Citizens Youth Club providing safe activities and support programs for young people. Services include:
- Structured sport and recreation programs
- Youth development and leadership programs  
- School holiday activities
- Crime prevention programs
- Mentoring and life skills programs
- Aboriginal and Torres Strait Islander programs
- After school care and vacation care
- Gymnastics, martial arts, and fitness classes
- Safe driver education programs

PCYC provides a safe, supportive environment where young people can develop confidence, learn new skills, and build positive relationships with peers and police.","PCYC Queensland",non_profit,"1 Splinter Street",Mount Isa QLD 4825,4825,mount_isa,-20.73330000,139.48810000,"[{"type":"voice","number":"(07) 4743 5877"}]",,"["recreation","education_training","diversion"]","["sports","recreation","youth programs","police","activities","gymnastics","martial arts","leadership","mentoring"]",5,25,true,false,pcyc_qld
cea1104e-9f3e-477a-bd3a-09015ebb8688,"PCYC Pine Rivers","Police Citizens Youth Club providing safe activities and support programs for young people. Services include:
- Structured sport and recreation programs
- Youth development and leadership programs  
- School holiday activities
- Crime prevention programs
- Mentoring and life skills programs
- Aboriginal and Torres Strait Islander programs
- After school care and vacation care
- Gymnastics, martial arts, and fitness classes
- Safe driver education programs

PCYC provides a safe, supportive environment where young people can develop confidence, learn new skills, and build positive relationships with peers and police.","PCYC Queensland",non_profit,"1030 Samford Road",Keperra QLD 4054,1030,brisbane,-27.40560000,152.95110000,"[{"type":"voice","number":"(07) 3354 1777"}]",,"["recreation","education_training","diversion"]","["sports","recreation","youth programs","police","activities","gymnastics","martial arts","leadership","mentoring"]",5,25,true,false,pcyc_qld
2577014d-c3d3-4a8e-944e-a3985dffe79c,"PCYC Redlands","Police Citizens Youth Club providing safe activities and support programs for young people. Services include:
- Structured sport and recreation programs
- Youth development and leadership programs  
- School holiday activities
- Crime prevention programs
- Mentoring and life skills programs
- Aboriginal and Torres Strait Islander programs
- After school care and vacation care
- Gymnastics, martial arts, and fitness classes
- Safe driver education programs

PCYC provides a safe, supportive environment where young people can develop confidence, learn new skills, and build positive relationships with peers and police.","PCYC Queensland",non_profit,"14 Smith Street",Cleveland QLD 4163,4163,brisbane,-27.52580000,153.26530000,"[{"type":"voice","number":"(07) 3286 4555"}]",,"["recreation","education_training","diversion"]","["sports","recreation","youth programs","police","activities","gymnastics","martial arts","leadership","mentoring"]",5,25,true,false,pcyc_qld
a9432cdb-0b36-4417-8301-9847fa94271a,"PCYC Rockhampton","Police Citizens Youth Club providing safe activities and support programs for young people. Services include:
- Structured sport and recreation programs
- Youth development and leadership programs  
- School holiday activities
- Crime prevention programs
- Mentoring and life skills programs
- Aboriginal and Torres Strait Islander programs
- After school care and vacation care
- Gymnastics, martial arts, and fitness classes
- Safe driver education programs

PCYC provides a safe, supportive environment where young people can develop confidence, learn new skills, and build positive relationships with peers and police.","PCYC Queensland",non_profit,"60 Charles Street",Berserker QLD 4701,4701,rockhampton,-23.34590000,150.52490000,"[{"type":"voice","number":"(07) 4922 1797"}]",,"["recreation","education_training","diversion"]","["sports","recreation","youth programs","police","activities","gymnastics","martial arts","leadership","mentoring"]",5,25,true,false,pcyc_qld
7cfbc6a4-8dff-4f3b-b656-abc2f35344b1,"PCYC Sunshine Coast","Police Citizens Youth Club providing safe activities and support programs for young people. Services include:
- Structured sport and recreation programs
- Youth development and leadership programs  
- School holiday activities
- Crime prevention programs
- Mentoring and life skills programs
- Aboriginal and Torres Strait Islander programs
- After school care and vacation care
- Gymnastics, martial arts, and fitness classes
- Safe driver education programs

PCYC provides a safe, supportive environment where young people can develop confidence, learn new skills, and build positive relationships with peers and police.","PCYC Queensland",non_profit,"18-30 National Park Road",Nambour QLD 4560,4560,sunshine_coast,-26.62870000,152.95920000,"[{"type":"voice","number":"(07) 5441 1924"}]",,"["recreation","education_training","diversion"]","["sports","recreation","youth programs","police","activities","gymnastics","martial arts","leadership","mentoring"]",5,25,true,false,pcyc_qld
7e787612-e0cb-4bfb-8cba-f36174a347e6,"PCYC Toowoomba","Police Citizens Youth Club providing safe activities and support programs for young people. Services include:
- Structured sport and recreation programs
- Youth development and leadership programs  
- School holiday activities
- Crime prevention programs
- Mentoring and life skills programs
- Aboriginal and Torres Strait Islander programs
- After school care and vacation care
- Gymnastics, martial arts, and fitness classes
- Safe driver education programs

PCYC provides a safe, supportive environment where young people can develop confidence, learn new skills, and build positive relationships with peers and police.","PCYC Queensland",non_profit,"15 Railway Street",Gatton QLD 4343,4343,toowoomba,-27.56380000,152.27570000,"[{"type":"voice","number":"(07) 5462 4100"}]",,"["recreation","education_training","diversion"]","["sports","recreation","youth programs","police","activities","gymnastics","martial arts","leadership","mentoring"]",5,25,true,false,pcyc_qld
6f2446c0-7224-4235-bfa1-bad33032f5fb,"PCYC Townsville","Police Citizens Youth Club providing safe activities and support programs for young people. Services include:
- Structured sport and recreation programs
- Youth development and leadership programs  
- School holiday activities
- Crime prevention programs
- Mentoring and life skills programs
- Aboriginal and Torres Strait Islander programs
- After school care and vacation care
- Gymnastics, martial arts, and fitness classes
- Safe driver education programs

PCYC provides a safe, supportive environment where young people can develop confidence, learn new skills, and build positive relationships with peers and police.","PCYC Queensland",non_profit,"1-13 Wellington Street",Aitkenvale QLD 4814,4814,townsville,-19.29610000,146.76040000,"[{"type":"voice","number":"(07) 4779 3011"}]",,"["recreation","education_training","diversion"]","["sports","recreation","youth programs","police","activities","gymnastics","martial arts","leadership","mentoring"]",5,25,true,false,pcyc_qld
13c25fd4-c75c-4407-999e-9cb497ece8fe,"Bundaberg Youth Justice Service Centre","Youth Justice Service Centre providing comprehensive support for young people aged 10-17 in the youth justice system. Services include:
- Bail support and supervision
- Court-ordered supervision
- Restorative justice conferencing  
- Connection to education and training
- Family and parenting programs
- Cultural support for Aboriginal and Torres Strait Islander young people
- Referrals to specialist services","Department of Youth Justice",government,"41 Crofton Street",Bundaberg,4670,bundaberg,-24.86610000,152.34890000,"[{"type":"voice","number":"(07) 4303 8200"}]",,"["supervision","court_support","diversion","family_support","cultural_support"]","["youth justice","bail","supervision","court","restorative justice","conferencing"]",10,17,true,false,qld_youth_justice
17313e5f-a66d-4f60-a0d8-b4499d666ff9,"Caboolture Youth Justice Service Centre","Youth Justice Service Centre providing comprehensive support for young people aged 10-17 in the youth justice system. Services include:
- Bail support and supervision
- Court-ordered supervision
- Restorative justice conferencing  
- Connection to education and training
- Family and parenting programs
- Cultural support for Aboriginal and Torres Strait Islander young people
- Referrals to specialist services","Department of Youth Justice",government,"32 King Street",Caboolture,4510,brisbane,-27.06670000,152.96670000,"[{"type":"voice","number":"(07) 5433 5100"}]",,"["supervision","court_support","diversion","family_support","cultural_support"]","["youth justice","bail","supervision","court","restorative justice","conferencing"]",10,17,true,false,qld_youth_justice
3a306f4f-0129-4578-990a-7a927c6a3c6c,"Cairns Youth Justice Service Centre","Youth Justice Service Centre providing comprehensive support for young people aged 10-17 in the youth justice system. Services include:
- Bail support and supervision
- Court-ordered supervision
- Restorative justice conferencing  
- Connection to education and training
- Family and parenting programs
- Cultural support for Aboriginal and Torres Strait Islander young people
- Referrals to specialist services","Department of Youth Justice",government,"15 Lake Street",Cairns,4870,cairns,-16.91860000,145.77810000,"[{"type":"voice","number":"(07) 4039 8700"}]",,"["supervision","court_support","diversion","family_support","cultural_support"]","["youth justice","bail","supervision","court","restorative justice","conferencing"]",10,17,true,false,qld_youth_justice
5cbbcd45-78fc-4f73-b1e9-67f46cce82f7,"Hervey Bay Youth Justice Service Centre","Youth Justice Service Centre providing comprehensive support for young people aged 10-17 in the youth justice system. Services include:
- Bail support and supervision
- Court-ordered supervision
- Restorative justice conferencing  
- Connection to education and training
- Family and parenting programs
- Cultural support for Aboriginal and Torres Strait Islander young people
- Referrals to specialist services","Department of Youth Justice",government,"50 Main Street",Pialba,4655,hervey_bay,-25.28820000,152.83840000,"[{"type":"voice","number":"(07) 4194 9600"}]",,"["supervision","court_support","diversion","family_support","cultural_support"]","["youth justice","bail","supervision","court","restorative justice","conferencing"]",10,17,true,false,qld_youth_justice
7f732d83-3bef-481d-b7f3-4a71eb427596,"Ipswich Youth Justice Service Centre","Youth Justice Service Centre providing comprehensive support for young people aged 10-17 in the youth justice system. Services include:
- Bail support and supervision
- Court-ordered supervision
- Restorative justice conferencing  
- Connection to education and training
- Family and parenting programs
- Cultural support for Aboriginal and Torres Strait Islander young people
- Referrals to specialist services","Department of Youth Justice",government,"117 Brisbane Street",Ipswich,4305,brisbane,-27.61780000,152.76690000,"[{"type":"voice","number":"(07) 3280 1500"}]",,"["supervision","court_support","diversion","family_support","cultural_support"]","["youth justice","bail","supervision","court","restorative justice","conferencing"]",10,17,true,false,qld_youth_justice
ca55ee11-1b30-4e46-9a22-de8d181dba6c,"Logan Youth Justice Service Centre","Youth Justice Service Centre providing comprehensive support for young people aged 10-17 in the youth justice system. Services include:
- Bail support and supervision
- Court-ordered supervision
- Restorative justice conferencing  
- Connection to education and training
- Family and parenting programs
- Cultural support for Aboriginal and Torres Strait Islander young people
- Referrals to specialist services","Department of Youth Justice",government,"30-38 Wembley Road",Logan Central,4114,brisbane,-27.63930000,153.10990000,"[{"type":"voice","number":"(07) 3380 1200"}]",,"["supervision","court_support","diversion","family_support","cultural_support"]","["youth justice","bail","supervision","court","restorative justice","conferencing"]",10,17,true,false,qld_youth_justice
a5c10432-647c-491e-916b-285e978fda3f,"Mackay Youth Justice Service Centre","Youth Justice Service Centre providing comprehensive support for young people aged 10-17 in the youth justice system. Services include:
- Bail support and supervision
- Court-ordered supervision
- Restorative justice conferencing  
- Connection to education and training
- Family and parenting programs
- Cultural support for Aboriginal and Torres Strait Islander young people
- Referrals to specialist services","Department of Youth Justice",government,"44 Nelson Street",Mackay,4740,mackay,-21.14110000,149.18600000,"[{"type":"voice","number":"(07) 4885 5800"}]",,"["supervision","court_support","diversion","family_support","cultural_support"]","["youth justice","bail","supervision","court","restorative justice","conferencing"]",10,17,true,false,qld_youth_justice
342068c3-35c9-4414-a76b-448a48c1b685,"Mount Isa Youth Justice Service Centre","Youth Justice Service Centre providing comprehensive support for young people aged 10-17 in the youth justice system. Services include:
- Bail support and supervision
- Court-ordered supervision
- Restorative justice conferencing  
- Connection to education and training
- Family and parenting programs
- Cultural support for Aboriginal and Torres Strait Islander young people
- Referrals to specialist services","Department of Youth Justice",government,"42 Miles Street",Mount Isa,4825,mount_isa,-20.72560000,139.49270000,"[{"type":"voice","number":"(07) 4437 2600"}]",,"["supervision","court_support","diversion","family_support","cultural_support"]","["youth justice","bail","supervision","court","restorative justice","conferencing"]",10,17,true,false,qld_youth_justice
3d1ebfb5-4e48-439c-92ee-5509dd31a6bc,"Rockhampton Youth Justice Service Centre","Youth Justice Service Centre providing comprehensive support for young people aged 10-17 in the youth justice system. Services include:
- Bail support and supervision
- Court-ordered supervision
- Restorative justice conferencing  
- Connection to education and training
- Family and parenting programs
- Cultural support for Aboriginal and Torres Strait Islander young people
- Referrals to specialist services","Department of Youth Justice",government,"19 Bolsover Street",Rockhampton,4700,rockhampton,-23.38180000,150.51000000,"[{"type":"voice","number":"(07) 4932 8200"}]",,"["supervision","court_support","diversion","family_support","cultural_support"]","["youth justice","bail","supervision","court","restorative justice","conferencing"]",10,17,true,false,qld_youth_justice
5e8147ea-22bc-4e8f-aca7-6d0cc5495b80,"Sunshine Coast Youth Justice Service Centre","Youth Justice Service Centre providing comprehensive support for young people aged 10-17 in the youth justice system. Services include:
- Bail support and supervision
- Court-ordered supervision
- Restorative justice conferencing  
- Connection to education and training
- Family and parenting programs
- Cultural support for Aboriginal and Torres Strait Islander young people
- Referrals to specialist services","Department of Youth Justice",government,"8 Maroochydore Road",Maroochydore,4558,sunshine_coast,-26.65000000,153.06670000,"[{"type":"voice","number":"(07) 5352 9200"}]",,"["supervision","court_support","diversion","family_support","cultural_support"]","["youth justice","bail","supervision","court","restorative justice","conferencing"]",10,17,true,false,qld_youth_justice
ed489b3a-779e-47c6-97cb-47d085388984,"Toowoomba Youth Justice Service Centre","Youth Justice Service Centre providing comprehensive support for young people aged 10-17 in the youth justice system. Services include:
- Bail support and supervision
- Court-ordered supervision
- Restorative justice conferencing  
- Connection to education and training
- Family and parenting programs
- Cultural support for Aboriginal and Torres Strait Islander young people
- Referrals to specialist services","Department of Youth Justice",government,"128 Margaret Street",Toowoomba,4350,toowoomba,-27.55980000,151.95070000,"[{"type":"voice","number":"(07) 4699 4400"}]",,"["supervision","court_support","diversion","family_support","cultural_support"]","["youth justice","bail","supervision","court","restorative justice","conferencing"]",10,17,true,false,qld_youth_justice
097a32c3-cc30-4ef6-a797-914a5feca43b,"Youth Advocacy Centre - Court Support Program","Support for young people attending Children's Court. Services include:
- Pre-court preparation and explanation
- Support during court proceedings
- Liaison with lawyers and magistrates
- Referrals to support services
- Transport assistance to court
- Family support and information
- Post-court follow up
- Bail support planning

Available at Brisbane, Beenleigh, and Cleveland Children's Courts. Free and confidential service.","Youth Advocacy Centre Inc",non_profit,"363 George Street",Brisbane,4000,brisbane,-27.46980000,153.02360000,"[{"type":"voice","number":"(07) 3356 1002"}]",,"["court_support","advocacy","case_management"]","["court","support","children's court","youth","bail","magistrate"]",10,17,true,false,yac_qld
0f17ffd8-468c-4d5a-b0c7-f962ecfab764,"Youth Advocacy Centre - Education Legal Service","Specialist education law service for students and families. Services include:
- School suspensions and exclusions
- Enrolment refusals and cancellations
- Special education needs and adjustments
- Bullying and discrimination
- School discipline matters
- Alternative education options
- Transition planning
- Advocacy at school meetings

Free service for young people in Queensland state schools. Phone advice available statewide.","Youth Advocacy Centre Inc",non_profit,"14 Prospect Street",Fortitude Valley,4006,brisbane,-27.45750000,153.03430000,"[{"type":"voice","number":"(07) 3356 1002"}]",admin@yac.net.au,"["legal_aid","education_training","advocacy"]","["education","school","suspension","exclusion","legal","student","rights"]",5,18,true,false,yac_qld
d5012604-41aa-4631-b974-a000d83f126d,"Youth Advocacy Centre - Homeless Young People Legal Clinic","Specialist legal clinic for young people experiencing or at risk of homelessness. Services include:
- Housing and tenancy advice
- Centrelink and income support issues
- Fines and debt matters
- ID documents and birth certificates
- Victims of crime compensation
- Family violence protection orders
- Criminal matters
- Consumer rights

Free drop-in clinic every Thursday at Brisbane Youth Service. No appointment needed.","Youth Advocacy Centre Inc",non_profit,"42 McLachlan Street",Fortitude Valley,4006,brisbane,-27.45630000,153.03380000,"[{"type":"voice","number":"(07) 3356 1002"}]",,"["legal_aid","housing","advocacy"]","["homeless","housing","legal","clinic","youth","tenancy","centrelink"]",12,25,true,false,yac_qld
4fcda756-c821-4481-8a17-7aaf7878ad2d,"Youth Advocacy Centre - Legal Service","Free and confidential legal service for young people under 18 and young adults leaving care. Services include:
- Criminal law matters in Children's Court and adult courts
- Police powers and interviews
- Bail applications and variations
- Legal representation for serious offences
- Child protection and care matters
- Education law (suspensions, exclusions, enrolment)
- Victims of crime assistance
- Fines and SPER debt
- Employment law issues
- Housing and homelessness
- Discrimination matters

YAC provides holistic support with social workers and youth workers alongside lawyers.","Youth Advocacy Centre Inc",non_profit,"14 Prospect Street",Fortitude Valley,4006,brisbane,-27.45750000,153.03430000,"[{"type":"voice","number":"(07) 3356 1002"}]",admin@yac.net.au,"["legal_aid","advocacy","court_support"]","["legal","advocacy","youth","court","criminal","bail","education","rights"]",10,25,true,false,yac_qld